<robot>
    <robot_specifications>
        <initial_pose>
            <x>0</x>
            <y>0</y>
            <theta>0</theta>
        </initial_pose>
        <footprint>
            <footprint_specifications>
                <radius>0.3</radius>
                <points>
                    <point>
                        <x>-0.5</x>
                        <y>-0.75</y>
                    </point>
                    <point>
                        <x>3.5</x>
                        <y>-0.75</y>
                    </point>
                    <point>
                        <x>3.5</x>
                        <y>0.75</y>
                    </point>
                    <point>
                        <x>-0.5</x>
                        <y>0.75</y>
                    </point>
                </points>
            </footprint_specifications>
        </footprint>
        <sonar>
            <sonar_specifications>
                <cone_angle>0.261799</cone_angle>
                <max_range>5</max_range>
                <min_range>0.1</min_range>
                <frequency>10</frequency>
                <frame_id>sonar_0</frame_id>
                <pose>
                    <x>3.5</x>
                    <y>0.75</y>
                    <theta>1.5708</theta>
                </pose>
                <noise>
                    <noise_specifications>
                        <noise_mean>2</noise_mean>
                        <noise_std>2</noise_std>
                    </noise_specifications>
                </noise>
            </sonar_specifications>
        </sonar>
        <sonar>
            <sonar_specifications>
                <cone_angle>0.261799</cone_angle>
                <max_range>5</max_range>
                <min_range>0.1</min_range>
                <frequency>10</frequency>
                <frame_id>sonar_1</frame_id>
                <pose>
                    <x>3.5</x>
                    <y>0.5</y>
                    <theta>0.715585</theta>
                </pose>
                <noise>
                    <noise_specifications>
                        <noise_mean>0</noise_mean>
                        <noise_std>2</noise_std>
                    </noise_specifications>
                </noise>
            </sonar_specifications>
        </sonar>
        <sonar>
            <sonar_specifications>
                <cone_angle>0.261799</cone_angle>
                <max_range>5</max_range>
                <min_range>0.1</min_range>
                <frequency>10</frequency>
                <frame_id>sonar_2</frame_id>
                <pose>
                    <x>3.5</x>
                    <y>0.25</y>
                    <theta>0.261799</theta>
                </pose>
                <noise>
                    <noise_specifications>
                        <noise_mean>0</noise_mean>
                        <noise_std>2</noise_std>
                    </noise_specifications>
                </noise>
            </sonar_specifications>
        </sonar>
        <sonar>
            <sonar_specifications>
                <cone_angle>0.261799</cone_angle>
                <max_range>5</max_range>
                <min_range>0.1</min_range>
                <frequency>10</frequency>
                <frame_id>sonar_3</frame_id>
                <pose>
                    <x>3.5</x>
                    <y>-0.25</y>
                    <theta>-0.261799</theta>
                </pose>
                <noise>
                    <noise_specifications>
                        <noise_mean>0</noise_mean>
                        <noise_std>2</noise_std>
                    </noise_specifications>
                </noise>
            </sonar_specifications>
        </sonar>
        <sonar>
            <sonar_specifications>
                <cone_angle>0.261799</cone_angle>
                <max_range>5</max_range>
                <min_range>0.1</min_range>
                <frequency>10</frequency>
                <frame_id>sonar_4</frame_id>
                <pose>
                    <x>3.5</x>
                    <y>-0.5</y>
                    <theta>-0.715585</theta>
                </pose>
                <noise>
                    <noise_specifications>
                        <noise_mean>0</noise_mean>
                        <noise_std>2</noise_std>
                    </noise_specifications>
                </noise>
            </sonar_specifications>
        </sonar>
        <sonar>
            <sonar_specifications>
                <cone_angle>0.261799</cone_angle>
                <max_range>5</max_range>
                <min_range>0.1</min_range>
                <frequency>10</frequency>
                <frame_id>sonar_5</frame_id>
                <pose>
                    <x>3.5</x>
                    <y>-0.75</y>
                    <theta>-1.5708</theta>
                </pose>
                <noise>
                    <noise_specifications>
                        <noise_mean>0</noise_mean>
                        <noise_std>2</noise_std>
                    </noise_specifications>
                </noise>
            </sonar_specifications>
        </sonar>
                <sonar>
            <sonar_specifications>
                <cone_angle>0.261799</cone_angle>
                <max_range>5</max_range>
                <min_range>0.1</min_range>
                <frequency>10</frequency>
                <frame_id>sonar_6</frame_id>
                <pose>
                    <x>-0.5</x>
                    <y>-0.75</y>
                    <theta>-1.5708</theta>
                </pose>
                <noise>
                    <noise_specifications>
                        <noise_mean>2</noise_mean>
                        <noise_std>2</noise_std>
                    </noise_specifications>
                </noise>
            </sonar_specifications>
        </sonar>
        <sonar>
            <sonar_specifications>
                <cone_angle>0.261799</cone_angle>
                <max_range>5</max_range>
                <min_range>0.1</min_range>
                <frequency>10</frequency>
                <frame_id>sonar_7</frame_id>
                <pose>
                    <x>-0.5</x>
                    <y>-0.5</y>
                    <theta>-2.2689</theta>
                </pose>
                <noise>
                    <noise_specifications>
                        <noise_mean>0</noise_mean>
                        <noise_std>2</noise_std>
                    </noise_specifications>
                </noise>
            </sonar_specifications>
        </sonar>
        <sonar>
            <sonar_specifications>
                <cone_angle>0.261799</cone_angle>
                <max_range>5</max_range>
                <min_range>0.1</min_range>
                <frequency>10</frequency>
                <frame_id>sonar_8</frame_id>
                <pose>
                    <x>-0.5</x>
                    <y>-0.25</y>
                    <theta>-2.9670</theta>
                </pose>
                <noise>
                    <noise_specifications>
                        <noise_mean>0</noise_mean>
                        <noise_std>2</noise_std>
                    </noise_specifications>
                </noise>
            </sonar_specifications>
        </sonar>
        <sonar>
            <sonar_specifications>
                <cone_angle>0.261799</cone_angle>
                <max_range>5</max_range>
                <min_range>0.1</min_range>
                <frequency>10</frequency>
                <frame_id>sonar_9</frame_id>
                <pose>
                    <x>-0.5</x>
                    <y>0.25</y>
                    <theta>2.9670</theta>
                </pose>
                <noise>
                    <noise_specifications>
                        <noise_mean>0</noise_mean>
                        <noise_std>2</noise_std>
                    </noise_specifications>
                </noise>
            </sonar_specifications>
        </sonar>
        <sonar>
            <sonar_specifications>
                <cone_angle>0.261799</cone_angle>
                <max_range>5</max_range>
                <min_range>0.1</min_range>
                <frequency>10</frequency>
                <frame_id>sonar_10</frame_id>
                <pose>
                    <x>-0.5</x>
                    <y>0.5</y>
                    <theta>2.2689</theta>
                </pose>
                <noise>
                    <noise_specifications>
                        <noise_mean>0</noise_mean>
                        <noise_std>2</noise_std>
                    </noise_specifications>
                </noise>
            </sonar_specifications>
        </sonar>
        <sonar>
            <sonar_specifications>
                <cone_angle>0.261799</cone_angle>
                <max_range>5</max_range>
                <min_range>0.1</min_range>
                <frequency>10</frequency>
                <frame_id>sonar_11</frame_id>
                <pose>
                    <x>-0.5</x>
                    <y>0.75</y>
                    <theta>1.5708</theta>
                </pose>
                <noise>
                    <noise_specifications>
                        <noise_mean>0</noise_mean>
                        <noise_std>2</noise_std>
                    </noise_specifications>
                </noise>
            </sonar_specifications>
        </sonar>
    </robot_specifications>
</robot>
